id	plate	row	column	barcode	conc	volume	rs4680..G.Val..A.Met.	rs7412	rs429358	ApoE	relative.TL	Relative.TL..standard.curve
9001	PCR00001391	H	10	926145	57	10	AA	CC	TT	e3/e3	0.254824276	0.331746291
9002	PCR00001391	H	9	1046945	50	10	AA	CC	CT	e4/e3	0.160173788	0.237902294
9003	PCR00001391	G	10	1046963	54	10	AG	CC	TT	e3/e3	0.201834966	0.279218365
9004	PCR00001391	E	5	1047209	58	10	AG	CC	CT	e4/e3	0.201491111	0.244434198
9005	PCR00001391	A	3	1046909	75	10	AA	CC	TT	e3/e3	0.20865394	0.238611967
9007	PCR00001391	C	6	926013	53	10	AA	CC	CT	e4/e3	0.230927829	0.270707564
9008	PCR00001391	B	7	1047101	68	10	AG	CC	CT	e4/e3	0.216877242	0.294427446
9011	PCR00001391	F	2	1047089	58	10	GG	CC	TT	e3/e3	0.159469389	0.197900975
9012	PCR00001391	D	6	926049	53	10	AG	CC	CT	e4/e3	0.214227932	0.24943601
9013	PCR00001391	B	4	926019	67	10	AA	CC	TT	e3/e3	0.22808659	0.259676185
9014	PCR00001391	G	5	1047107	77	10	AA	CC	TT	e3/e3	0.14800598	0.171921915
9016	PCR00001391	B	6	926001	52	10	GG	CT	TT	e3/e2	0.176936939	0.214300677
9017	PCR00001391	D	8	926283	53	10	GG	CC	TT	e3/e3	0.337430679	0.429264582
9018	PCR00001391	F	8	926217	57	10	AG	CT	CT	e2/e4 or e1/e3	0.336287906	0.413458104
9019	PCR00001391	H	7	926281	54	10	AG	CC	TT	e3/e3	0.215715106	0.302238939
9020	PCR00001391	D	5	1047239	73	10	GG	CC	CT	e4/e3	0.151322092	0.17937207
9022	PCR00001391	A	7	926007	53	10	AG	CC	CT	e4/e3	0.210355064	0.29036407
9023	PCR00001391	C	1	1047011	55	10	AA	CC	CT	e4/e3	0.132562281	0.180533455
9025	PCR00001391	C	8	1047071	52	10	GG	CC	TT	e3/e3	0.248297719	0.335782234
9026	PCR00001391	E	6	1046837	56	10	AG	CC	TT	e3/e3	0.165021402	0.195200106
9028	PCR00001391	F	7	1047179	55	10	AG	CC	CT	e4/e3	0.28342182	0.366498977
9029	PCR00001391	C	7	1047275	51	10	AG	CC	CT	e4/e3	0.225460486	0.309801817
9032	PCR00001391	F	1	1046981	23	10	AG	CC	CT	e4/e3	0.106715786	0.19655612
9033	PCR00001391	D	2	1046777	65	10	AG	CC	TT	e3/e3	0.196284326	0.224458522
9034	PCR00001391	B	3	926199	59	10	AA	CC	CT	e4/e3	0.362306067	0.371422396
9035	PCR00001391	E	1	925995	61	10	AA	CC	TT	e3/e3	0.227387171	0.25735429
9036	PCR00001391	B	5	1047137	62	10	GG	CT	TT	e3/e2	0.213730884	0.248200499
9037	PCR00001391	G	6	925947	51	10	AA	CT	TT	e3/e2	0.1383702	0.181257357
9038	PCR00001391	A	8	1047113	53	10	AA	CC	TT	e3/e3	0.272347758	0.357979677
9039	PCR00001391	H	2	1046951	42	10	AG	CT	TT	e3/e2	0.125443404	0.190355825
9040	PCR00001391	A	1	1046927	53	10	AG	CC	TT	e3/e3	0.149878396	0.195874818
9041	PCR00001391	B	2	1046705	75	10	AG	CC	CC	e4/e4	0.248173759	0.254862352
9042	PCR00001391	C	10	926223	54	10	AG	CC	TT	e3/e3	0.212758726	0.291039436
9044	PCR00001391	C	11	926271	56	10	AG	CC	TT	e3/e3	0.421448866	0.504101089
9046	PCR00001391	E	9	1047065	53	10	AG	CC	TT	e3/e3	0.170802773	0.248278158
9048	PCR00001391	A	2	1047143	63	10	AG	CT	TT	e3/e2	0.120648652	0.156570179
9049	PCR00001391	C	3	1047125	76	10	AG	CT	TT	e3/e2	0.154599024	0.185742391
9050	PCR00001391	H	8	925917	50	10	AG	CC	CT	e4/e3	0.142175742	0.217129185
9053	PCR00001391	H	5	925959	55	10	AG	CT	TT	e3/e2	0.300515477	0.330874453
9054	PCR00001391	D	4	1047023	66	10	GG	CC	CT	e4/e3	0.140615462	0.166581372
9055	PCR00001391	G	3	926211	64	10	GG	CC	TT	e3/e3	0.189446921	0.21493661
9056	PCR00001391	B	11	926235	56	10	GG	CC	TT	e3/e3	0.334692928	0.416940219
9057	PCR00001391	G	4	925923	48	10	GG	CC	TT	e3/e3	0.236770448	0.289321681
9058	PCR00001391	E	2	1047053	72	10	AA	CC	CT	e4/e3	0.172474993	0.185915524
9059	PCR00001391	E	8	926181	51	10	AG	CC	CT	e4/e3	0.286225647	0.363951223
9061	PCR00001391	F	9	1046735	58	10	AA	CT	TT	e3/e2	0.332915321	0.404934384
9062	PCR00001391	A	6	1047173	49	10	AA	CC	TT	e3/e3	0.190372883	0.234014628
9063	PCR00001391	A	9	1046723	52	10	AG	CT	TT	e3/e2	0.279753799	0.370742278
9064	PCR00001391	E	3	1046969	69	10	AG	CC	TT	e3/e3	0.126104041	0.150700569
9065	PCR00001391	E	10	1047095	53	10	AG	CC	CT	e4/e3	0.214740818	0.294355394
9066	PCR00001391	D	3	925971	74	10	AG	CC	TT	e3/e3	0.207155929	0.22068679
9067	PCR00001391	H	1	926025	65	10	AA	CC	CT	e4/e3	0.287928353	0.315674693
9068	PCR00001391	B	1	1046699	51	10	AG	CT	TT	e3/e2	0.214159686	0.257566043
9069	PCR00001391	H	3	1047293	72	10	AG	CC	TT	e3/e3	0.156605359	0.18890902
9070	PCR00001391	H	6	926280	51	10	AG	CC	TT	e3/e3	0.229822536	0.278174305
9071	PCR00001391	A	10	926205	58	10	AG	CC	TT	e3/e3	0.389683114	0.466584435
9072	PCR00001391	C	5	1046975	67	10	AG	CC	TT	e3/e3	0.233594671	0.264930391
9073	PCR00001391	G	8	926055	53	10	GG	CC	TT	e3/e3	0.275293776	0.362767964
9074	PCR00001391	E	7	1046681	54	10	AG	CT	TT	e3/e2	0.215391087	0.293866508
9075	PCR00001391	A	11	1047029	54	10	GG	CT	TT	e3/e2	0.188195183	0.265566443
9076	PCR00001391	B	10	926157	52	10	AA	CC	CT	e4/e3	0.239314445	0.332656381
9077	PCR00001391	B	8	926043	54	10	AA	CC	TT	e3/e3	0.413159196	0.491191642
9078	PCR00001391	D	10	926259	54	10	AA	CC	TT	e3/e3	0.365263756	0.449270133
9079	PCR00001391	H	4	1046759	71	10	AA	CC	TT	e3/e3	0.182752956	0.212062637
9080	PCR00001391	F	3	926193	66	10	AA	CC	TT	e3/e3	0.129944545	0.16154883
9081	PCR00001391	C	9	1046711	53	10	GG	CC	CC	e4/e4	0.279840359	0.36959587
9082	PCR00001391	F	6	926037	54	10	GG	CC	TT	e3/e3	0.22697299	0.257296105
9083	PCR00001391	G	7	926079	51	10	AG	CC	CT	e4/e3	0.307122996	0.398063821
9084	PCR00001391	F	5	1046741	73	10	AG	CC	CT	e4/e3	0.192870762	0.211617319
9085	PCR00001391	B	9	1046693	53	10	AA	CT	TT	e3/e2	0.353142786	0.440527558
9086	PCR00001391	E	4	1046729	47	10	AA	CT	TT	e3/e2	0.110125856	0.156191781
9087	PCR00001391	D	9	1046765	56	10	AA	CC	TT	e3/e3	0.413471209	0.490725289
9088	PCR00001391	F	4	926187	37	10	AG	CC	TT	e3/e3	0.175938573	0.238690696
9089	PCR00001391	G	9	1046987	51	10	AG	CC	CT	e4/e3	0.253481588	0.336303952
9090	PCR00001391	G	2	926067	71	10	AG	CC	TT	e3/e3	0.135919783	0.160543453
9091	PCR00001391	D	7	925929	67	10	AG	CC	TT	e3/e3	0.333860317	0.40643806
9092	PCR00001391	D	1	1046717	65	10	AA	CC	CT	e4/e3	0.181282648	0.212498299
9093	PCR00001391	A	4	1047005	32	10	AA	CC	TT	e3/e3	0.186797197	0.289130799
9094	PCR00001391	C	4	1046939	60	10	AA	CT	TT	e3/e2	0.155463966	0.207242838
9095	PCR00001391	C	2	1046957	50	10	AG	CC	CT	e4/e3	0.1401096	0.195660172
9096	PCR00001391	F	10	1047215	51	10	AA	CC	CT	e4/e3	0.240101653	0.325726283
9098	PCR00001391	A	5	1046843	72	10	GG	CT	TT	e3/e2	0.163368802	0.192175704
9100	PCR00001391	G	1	926229	51	10	AG	CC	CT	e4/e3	0.177948028	0.219234007
